codon,protein1,protein3,codon_counts,protein_counts
CTT,L,Leu,356982,2611801
ATG,M,Met,586664,586664
ACA,T,Thr,433518,1422539
ACG,T,Thr,145923,1422539
ATC,I,Ile,555453,1158522
ATA,I,Ile,198978,1158522
AGG,R,Arg,325189,1450079
CCT,P,Pro,498803,1596476
AGC,S,Ser,516686,2229673
AGA,R,Arg,334085,1450079
ATT,I,Ile,404091,1158522
CTG,L,Leu,991610,2611801
CTA,L,Leu,212916,2611801
CTC,L,Leu,504645,2611801
CCG,P,Pro,158865,1596476
AGT,S,Ser,349103,2229673
CCA,P,Pro,474367,1596476
CCC,P,Pro,464441,1596476
TAT,Y,Tyr,308681,701596
GGT,G,Gly,290449,1641812
CGA,R,Arg,175088,1450079
CGC,R,Arg,229032,1450079
CGG,R,Arg,266918,1450079
GGG,G,Gly,388308,1641812
GGA,G,Gly,440597,1641812
GGC,G,Gly,522458,1641812
TAC,Y,Tyr,392915,701596
CGT,R,Arg,119767,1450079
GTA,V,Val,199120,1587569
GTC,V,Val,388883,1587569
GTG,V,Val,712021,1587569
GAG,E,Glu,1044313,1804156
GTT,V,Val,287545,1587569
GAC,D,Asp,674253,1245741
AAG,K,Lys,874214,1481748
AAA,K,Lys,607534,1481748
AAC,N,Asn,516138,934918
ACT,T,Thr,366776,1422539
CAT,H,His,290459,681536
AAT,N,Asn,418780,934918
CAC,H,His,391077,681536
CAA,Q,Gln,331470,1241057
CAG,Q,Gln,909587,1241057
TGT,C,Cys,290719,591300
TCT,S,Ser,448247,2229673
GAT,D,Asp,571488,1245741
TTT,F,Phe,442987,973190
TGC,C,Cys,300581,591300
TGG,W,Trp,309020,309020
TTC,F,Phe,530203,973190
TCG,S,Ser,110613,2229673
TTA,L,Leu,189431,2611801
TTG,L,Leu,356217,2611801
TCC,S,Ser,470428,2229673
GAA,E,Glu,759843,1804156
TCA,S,Ser,334596,2229673
GCA,A,Ala,427340,1772088
GCC,A,Ala,658793,1772088
GCG,A,Ala,161309,1772088
GCT,A,Ala,524646,1772088
ACC,T,Thr,476322,1422539
TAA,*,STOP,14165,52091
TAG,*,STOP,11621,52091
TGA,*,STOP,26305,52091
