Triplet,Amino acid,Fraction,Frequency/ Thousand,Number,codon,protein1,protein3,codon_counts,protein_counts,protein1_counts,codon_frequency,Fraction_self_count,Frequency_self_count/ Thousand
AAA,K,0.39,21.3,305128,AAA,K,Lys,607534,1481748,1481748,0.023300755,0.410011689,23.30075476
AAC,N,0.57,20.7,296083,AAC,N,Asn,516138,934918,934918,0.019795443,0.552067668,19.79544348
AAG,K,0.61,33.7,482643,AAG,K,Lys,874214,1481748,1481748,0.033528734,0.589988311,33.52873423
AAT,N,0.43,15.5,221760,AAT,N,Asn,418780,934918,934918,0.016061472,0.447932332,16.06147158
ACA,T,0.29,15.9,227958,ACA,T,Thr,433518,1422539,1422539,0.016626718,0.304749466,16.62671818
ACC,T,0.35,19.2,274588,ACC,T,Thr,476322,1422539,1422539,0.01826838,0.334839326,18.26838022
ACG,T,0.11,5.8,82653,ACG,T,Thr,145923,1422539,1422539,0.005596586,0.102579261,5.596585601
ACT,T,0.25,13.6,194120,ACT,T,Thr,366776,1422539,1422539,0.014066962,0.257831947,14.06696189
AGA,R,0.21,11.4,163062,AGA,R,Arg,334085,1450079,1450079,0.012813164,0.230390896,12.81316379
AGC,S,0.24,19.5,279098,AGC,S,Ser,516686,2229673,2229673,0.019816461,0.231731738,19.81646093
AGG,R,0.22,11.7,167166,AGG,R,Arg,325189,1450079,1450079,0.012471975,0.224256058,12.47197546
AGT,S,0.15,12.3,176056,AGT,S,Ser,349103,2229673,2229673,0.013389149,0.15657139,13.38914923
ATA,I,0.16,7.2,103441,ATA,I,Ile,198978,1158522,1158522,0.007631404,0.171751594,7.6314043
ATC,I,0.5,23.2,332072,ATC,I,Ile,555453,1158522,1158522,0.021303292,0.479449678,21.30329188
ATG,M,1,23.1,330431,ATG,M,Met,586664,586664,586664,0.022500328,1,22.50032753
ATT,I,0.34,15.6,223528,ATT,I,Ile,404091,1158522,1158522,0.015498104,0.348798728,15.49810429
CAA,Q,0.25,11.4,163794,CAA,Q,Gln,331470,1241057,1241057,0.012712871,0.267086846,12.71287069
CAC,H,0.6,15.2,217261,CAC,H,His,391077,681536,681536,0.014998978,0.573817084,14.99897828
CAG,Q,0.75,34,486041,CAG,Q,Gln,909587,1241057,1241057,0.034885395,0.732913154,34.88539508
CAT,H,0.4,10.2,145279,CAT,H,His,290459,681536,681536,0.011139976,0.426182916,11.13997558
CCA,P,0.28,17.1,244064,CCA,P,Pro,474367,1596476,1596476,0.0181934,0.297133812,18.19340009
CCC,P,0.31,18.4,262874,CCC,P,Pro,464441,1596476,1596476,0.017812708,0.290916368,17.81270816
CCG,P,0.1,6.3,89477,CCG,P,Pro,158865,1596476,1596476,0.00609295,0.099509795,6.092950196
CCT,P,0.3,18.3,261478,CCT,P,Pro,498803,1596476,1596476,0.019130594,0.312440024,19.13059413
CGA,R,0.12,6.6,94626,CGA,R,Arg,175088,1450079,1450079,0.006715151,0.120743766,6.715151002
CGC,R,0.18,9.5,136330,CGC,R,Arg,229032,1450079,1450079,0.008784066,0.157944498,8.784065523
CGG,R,0.19,10.3,147905,CGG,R,Arg,266918,1450079,1450079,0.010237107,0.184071351,10.23710748
CGT,R,0.09,4.7,66962,CGT,R,Arg,119767,1450079,1450079,0.004593424,0.082593431,4.593424393
CTA,L,0.08,8,114707,CTA,L,Leu,212916,2611801,2611801,0.008165968,0.081520759,8.165968489
CTC,L,0.2,20.3,290198,CTC,L,Leu,504645,2611801,2611801,0.019354652,0.193217247,19.35465239
CTG,L,0.39,40,571592,CTG,L,Leu,991610,2611801,2611801,0.038031224,0.37966522,38.03122364
CTT,L,0.13,13.2,188236,CTT,L,Leu,356982,2611801,2611801,0.013691333,0.136680398,13.69133256
GAA,E,0.4,26.5,379216,GAA,E,Glu,759843,1804156,1804156,0.029142263,0.421162582,29.14226265
GAC,D,0.56,26.6,380355,GAC,D,Asp,674253,1245741,1245741,0.025859629,0.541246535,25.85962892
GAG,E,0.6,39.4,563999,GAG,E,Glu,1044313,1804156,1804156,0.040052542,0.578837418,40.05254208
GAT,D,0.44,21.1,301359,GAT,D,Asp,571488,1245741,1245741,0.021918282,0.458753465,21.91828233
GCA,A,0.23,15.8,226309,GCA,A,Ala,427340,1772088,1772088,0.016389773,0.241150552,16.38977331
GCC,A,0.38,26.4,378142,GCC,A,Ala,658793,1772088,1772088,0.025266691,0.371760883,25.26669146
GCG,A,0.1,6.6,94463,GCG,A,Ala,161309,1772088,1772088,0.006186685,0.091027646,6.186684941
GCT,A,0.29,20.1,288132,GCT,A,Ala,524646,1772088,1772088,0.020121751,0.296060918,20.12175085
GGA,G,0.26,16.9,241435,GGA,G,Gly,440597,1641812,1641812,0.016898219,0.268360202,16.8982191
GGC,G,0.33,21.9,312846,GGC,G,Gly,522458,1641812,1641812,0.020037834,0.318220357,20.03783447
GGG,G,0.23,15.4,220474,GGG,G,Gly,388308,1641812,1641812,0.014892779,0.236511854,14.8927788
GGT,G,0.18,11.5,164971,GGT,G,Gly,290449,1641812,1641812,0.011139592,0.176907587,11.13959205
GTA,V,0.12,7.4,105532,GTA,V,Val,199120,1587569,1587569,0.00763685,0.12542447,7.636850427
GTC,V,0.25,15.7,224465,GTC,V,Val,388883,1587569,1587569,0.014914832,0.244955022,14.91483178
GTG,V,0.46,29.1,416428,GTG,V,Val,712021,1587569,1587569,0.027308145,0.448497672,27.30814523
GTT,V,0.17,10.7,152706,GTT,V,Val,287545,1587569,1587569,0.011028215,0.181122836,11.02821493
TAA,*,0.26,0.6,8861,TAA,*,STOP,14165,52091,52091,0.00054327,0.271927972,0.543270321
TAC,Y,0.58,16.5,236579,TAC,Y,Tyr,392915,701596,701596,0.015069471,0.560030274,15.0694711
TAG,*,0.22,0.5,7491,TAG,*,STOP,11621,52091,52091,0.0004457,0.223090361,0.445700275
TAT,Y,0.43,12.2,175198,TAT,Y,Tyr,308681,701596,701596,0.011838844,0.439969726,11.83884405
TCA,S,0.14,11.6,165371,TCA,S,Ser,334596,2229673,2229673,0.012832762,0.150065054,12.83276218
TCC,S,0.22,18.1,258787,TCC,S,Ser,470428,2229673,2229673,0.018042328,0.210985198,18.0423276
TCG,S,0.05,4.3,61116,TCG,S,Ser,110613,2229673,2229673,0.004242341,0.049609517,4.242340982
TCT,S,0.19,15.9,228046,TCT,S,Ser,448247,2229673,2229673,0.01719162,0.201037103,17.19161959
TGA,*,0.52,1.2,17004,TGA,*,STOP,26305,52091,52091,0.001008876,0.504981667,1.008875806
TGC,C,0.52,12.1,173509,TGC,C,Cys,300581,591300,591300,0.011528185,0.508339252,11.5281847
TGG,W,1,12.4,177261,TGG,W,Trp,309020,309020,309020,0.011851846,1,11.85184572
TGT,C,0.48,11.1,158573,TGT,C,Cys,290719,591300,591300,0.011149947,0.491660748,11.14994736
TTA,L,0.06,6.5,92974,TTA,L,Leu,189431,2611801,2611801,0.007265248,0.072528879,7.265248158
TTC,F,0.57,22.3,319002,TTC,F,Phe,530203,973190,973190,0.020334878,0.544809338,20.3348785
TTG,L,0.13,13.3,189840,TTG,L,Leu,356217,2611801,2611801,0.013661993,0.136387497,13.66199251
TTT,F,0.43,17.1,244935,TTT,F,Phe,442987,973190,973190,0.016989883,0.455190662,16.98988278
